{"num_topics": 9, "passes": 9, "alpha": 0.9700662822607893, "eta": 0.6438566750092768, "coherence": 0.4687378123380521, "_timestamp": 1683405948.6560812, "_runtime": 496.20674324035645, "_step": 10}