{"num_topics": 10, "passes": 9, "alpha": 0.6704362571518339, "eta": 0.8167598542459518, "coherence": 0.49817964411439497, "_timestamp": 1682977405.3671832, "_runtime": 333.3098351955414, "_step": 10}